location,avg_temperature,avg_humidity
BuildingA_Floor1,24.557104247104235,54.29787644787644
BuildingB_Floor2,25.071562500000027,55.38363281250001
BuildingA_Floor2,25.222711111111135,54.2888888888889
BuildingB_Floor1,25.522846153846174,54.18353846153847
